from,to,amount,resource
9209097491213160672,2303794993764930905,0.1351436193393889,food,7200
9209097491213160672,2303794993764930905,0.10135771450607223,water,7200
9209097491213160672,2303794993764930905,0.0675718096709117,energy,7200
4977356543574211152,2400540602423127297,0.19434220570767735,food,7200
4977356543574211152,1616870942054897183,0.19332344412524094,food,7200
4977356543574211152,5981904917151416139,0.19139111084755456,food,7200
4977356543574211152,1951745806883064675,0.18991852140094423,food,7200
4977356543574211152,1522650749917583358,0.18491104118928803,food,7200
4977356543574211152,8319527847318561915,0.18398951299928257,food,7200
4977356543574211152,4570650216307803967,0.18398951299926836,food,7200
4977356543574211152,2830637187822835271,0.17751045464049398,food,7200
4977356543574211152,2774544477152754282,0.16976554116627085,food,7200
4977356543574211152,6943086220968602647,0.13220156909318348,food,7200
4977356543574211152,629917933550980167,0.12532702503601634,food,7200
4977356543574211152,8739484808616608895,0.1200084403339412,food,7200
4977356543574211152,7441247310698739687,0.09386144472073887,food,7200
4977356543574211152,7825101020974038775,0.0735160781589812,food,7200
4977356543574211152,1984206695053779961,0.06990577646489537,food,7200
4977356543574211152,6741109044234432070,0.06979939809831492,food,7200
4977356543574211152,8040070149115327324,0.06362128258181121,food,7200
4977356543574211152,2400540602423127297,0.14575665428099072,water,7200
4977356543574211152,1616870942054897183,0.14499258309399288,water,7200
4977356543574211152,5981904917151416139,0.14354333313566237,water,7200
4977356543574211152,1951745806883064675,0.14243889105079433,water,7200
4977356543574211152,1522650749917583358,0.13868328089205306,water,7200
4977356543574211152,8319527847318561915,0.13799213474946193,water,7200
4977356543574211152,4570650216307803967,0.13799213474944771,water,7200
4977356543574211152,2830637187822835271,0.13313284098037137,water,7200
4977356543574211152,2774544477152754282,0.1273241558747369,water,7200
4977356543574211152,6943086220968602647,0.09915117685061414,water,7200
4977356543574211152,629917933550980167,0.09399526880961684,water,7200
4977356543574211152,8739484808616608895,0.09000633028378235,water,7200
4977356543574211152,7441247310698739687,0.07039608358265426,water,7200
4977356543574211152,7825101020974038775,0.055137058661476335,water,7200
4977356543574211152,1984206695053779961,0.052429332396731976,water,7200
4977356543574211152,6741109044234432070,0.052349548620992614,water,7200
4977356543574211152,8040070149115327324,0.0477159619766554,water,7200
4977356543574211152,2400540602423127297,0.09717110285429698,energy,7200
4977356543574211152,1616870942054897183,0.0966617220627537,energy,7200
4977356543574211152,5981904917151416139,0.09569555542376751,energy,7200
4977356543574211152,1951745806883064675,0.09495926070060712,energy,7200
4977356543574211152,1522650749917583358,0.09245552059483586,energy,7200
4977356543574211152,8319527847318561915,0.09199475649960931,energy,7200
4977356543574211152,4570650216307803967,0.091994756499572,energy,7200
4977356543574211152,2830637187822835271,0.08875522732018659,energy,7200
4977356543574211152,2774544477152754282,0.08488277058319937,energy,7200
4977356543574211152,6943086220968602647,0.06610078458437574,energy,7200
4977356543574211152,629917933550980167,0.06266351255819114,energy,7200
4977356543574211152,8739484808616608895,0.06000422020851781,energy,7200
4977356543574211152,7441247310698739687,0.046930722409901815,energy,7200
4977356543574211152,7825101020974038775,0.0367580391335427,energy,7200
4977356543574211152,1984206695053779961,0.0349528882871899,energy,7200
4977356543574211152,6741109044234432070,0.03489969910584945,energy,7200
4977356543574211152,8040070149115327324,0.03181064134753697,energy,7200
9209097491213160672,2303794993764930905,0.1351436193394031,food,14400
9209097491213160672,2303794993764930905,0.10135771450634046,water,14400
9209097491213160672,2303794993764930905,0.06757180967020826,energy,14400
4977356543574211152,2400540602423127297,0.1666666666675809,food,14400
4977356543574211152,1522650749917583358,0.16666666666703733,food,14400
4977356543574211152,1951745806883064675,0.16666666666693786,food,14400
4977356543574211152,1616870942054897183,0.1666666666669343,food,14400
4977356543574211152,2774544477152754282,0.16666666666680285,food,14400
4977356543574211152,5981904917151416139,0.16666666666663588,food,14400
4977356543574211152,8319527847318561915,0.1666666666666199,food,14400
4977356543574211152,4570650216307803967,0.16666666666657726,food,14400
4977356543574211152,2830637187822835271,0.1666666666665737,food,14400
4977356543574211152,6943086220968602647,0.1322015691141738,food,14400
4977356543574211152,629917933550980167,0.12532702505602522,food,14400
4977356543574211152,8739484808616608895,0.12000844035239222,food,14400
4977356543574211152,7441247310698739687,0.09386144473842695,food,14400
4977356543574211152,7825101020974038775,0.0735160781719415,food,14400
4977356543574211152,1984206695053779961,0.0699057764811517,food,14400
4977356543574211152,6741109044234432070,0.06979939811252933,food,14400
4977356543574211152,8040070149115327324,0.06362128258892552,food,14400
4977356543574211152,2400540602423127297,0.12500000000046896,water,14400
4977356543574211152,1522650749917583358,0.12500000000019185,water,14400
4977356543574211152,1616870942054897183,0.12500000000013323,water,14400
4977356543574211152,1951745806883064675,0.1250000000001119,water,14400
4977356543574211152,2774544477152754282,0.12500000000006217,water,14400
4977356543574211152,8319527847318561915,0.12499999999998934,water,14400
4977356543574211152,5981904917151416139,0.12499999999998757,water,14400
4977356543574211152,4570650216307803967,0.12499999999997868,water,14400
4977356543574211152,2830637187822835271,0.12499999999997513,water,14400
4977356543574211152,6943086220968602647,0.09915117684862551,water,14400
4977356543574211152,629917933550980167,0.09399526880810782,water,14400
4977356543574211152,8739484808616608895,0.09000633028322902,water,14400
4977356543574211152,7441247310698739687,0.07039608358065763,water,14400
4977356543574211152,7825101020974038775,0.05513705866391705,water,14400
4977356543574211152,1984206695053779961,0.05242933239455949,water,14400
4977356543574211152,6741109044234432070,0.05234954862144425,water,14400
4977356543574211152,8040070149115327324,0.04771596198321193,water,14400
4977356543574211152,4570650216307803967,0.08333333333334725,energy,14400
4977356543574211152,8319527847318561915,0.0833333333333437,energy,14400
4977356543574211152,2830637187822835271,0.08333333333333748,energy,14400
4977356543574211152,1951745806883064675,0.08333333333333393,energy,14400
4977356543574211152,1616870942054897183,0.08333333333333393,energy,14400
4977356543574211152,2774544477152754282,0.08333333333333393,energy,14400
4977356543574211152,1522650749917583358,0.08333333333333393,energy,14400
4977356543574211152,5981904917151416139,0.08333333333333304,energy,14400
4977356543574211152,2400540602423127297,0.08333333333333215,energy,14400
4977356543574211152,6943086220968602647,0.06610078456526614,energy,14400
4977356543574211152,629917933550980167,0.06266351253960911,energy,14400
4977356543574211152,8739484808616608895,0.06000422019051577,energy,14400
4977356543574211152,7441247310698739687,0.04693072239407403,energy,14400
4977356543574211152,7825101020974038775,0.0367580391179676,energy,14400
4977356543574211152,1984206695053779961,0.03495288827294307,energy,14400
4977356543574211152,6741109044234432070,0.03489969909101531,energy,14400
4977356543574211152,8040070149115327324,0.031810641333927414,energy,14400
9209097491213160672,2303794993764930905,0.13514361934235364,food,21600
9209097491213160672,2303794993764930905,0.1013577145043687,water,21600
9209097491213160672,2303794993764930905,0.06757180967046272,energy,21600
4977356543574211152,5981904917151416139,0.16666666666669627,food,21600
4977356543574211152,8319527847318561915,0.16666666666667318,food,21600
4977356543574211152,1951745806883064675,0.16666666666666785,food,21600
4977356543574211152,1616870942054897183,0.16666666666666785,food,21600
4977356543574211152,2774544477152754282,0.16666666666666785,food,21600
4977356543574211152,1522650749917583358,0.16666666666666785,food,21600
4977356543574211152,2400540602423127297,0.1666666666666643,food,21600
4977356543574211152,4570650216307803967,0.16666666666664653,food,21600
4977356543574211152,2830637187822835271,0.166666666666627,food,21600
4977356543574211152,6943086220968602647,0.13220156912560466,food,21600
4977356543574211152,629917933550980167,0.1253270250682137,food,21600
4977356543574211152,8739484808616608895,0.12000844036565983,food,21600
4977356543574211152,7441247310698739687,0.09386144475240688,food,21600
4977356543574211152,7825101020974038775,0.07351607818599737,food,21600
4977356543574211152,1984206695053779961,0.06990577649673524,food,21600
4977356543574211152,6741109044234432070,0.06979939812820701,food,21600
4977356543574211152,8040070149115327324,0.063621282605824,food,21600
4977356543574211152,5981904917151416139,0.12500000000001243,water,21600
4977356543574211152,4570650216307803967,0.12500000000001066,water,21600
4977356543574211152,2830637187822835271,0.12500000000001066,water,21600
4977356543574211152,8319527847318561915,0.1250000000000071,water,21600
4977356543574211152,1951745806883064675,0.125,water,21600
4977356543574211152,1616870942054897183,0.125,water,21600
4977356543574211152,2774544477152754282,0.125,water,21600
4977356543574211152,1522650749917583358,0.125,water,21600
4977356543574211152,2400540602423127297,0.125,water,21600
4977356543574211152,6943086220968602647,0.0991511768415716,water,21600
4977356543574211152,629917933550980167,0.09399526880096953,water,21600
4977356543574211152,8739484808616608895,0.0900063302756875,water,21600
4977356543574211152,7441247310698739687,0.07039608357396432,water,21600
4977356543574211152,7825101020974038775,0.055137058656939075,water,21600
4977356543574211152,1984206695053779961,0.05242933238697933,water,21600
4977356543574211152,6741109044234432070,0.05234954861347818,water,21600
4977356543574211152,8040070149115327324,0.04771596197399797,water,21600
4977356543574211152,2830637187822835271,0.08333333333338899,energy,21600
4977356543574211152,4570650216307803967,0.083333333333381,energy,21600
4977356543574211152,8319527847318561915,0.08333333333335435,energy,21600
4977356543574211152,5981904917151416139,0.08333333333334281,energy,21600
4977356543574211152,1951745806883064675,0.08333333333333393,energy,21600
4977356543574211152,1616870942054897183,0.08333333333333393,energy,21600
4977356543574211152,2774544477152754282,0.08333333333333393,energy,21600
4977356543574211152,1522650749917583358,0.08333333333333393,energy,21600
4977356543574211152,2400540602423127297,0.08333333333333215,energy,21600
4977356543574211152,6943086220968602647,0.06610078456118984,energy,21600
4977356543574211152,629917933550980167,0.06266351253478009,energy,21600
4977356543574211152,8739484808616608895,0.06000422018507656,energy,21600
4977356543574211152,7441247310698739687,0.04693072238703522,energy,21600
4977356543574211152,7825101020974038775,0.036758039111257856,energy,21600
4977356543574211152,1984206695053779961,0.03495288826538556,energy,21600
4977356543574211152,6741109044234432070,0.03489969908361856,energy,21600
4977356543574211152,8040070149115327324,0.03181064132606015,energy,21600
7441247310698739687,8040070149115327324,0.06362128263708566,food,28800
7441247310698739687,8040070149115327324,0.047715961965559384,water,28800
7441247310698739687,8040070149115327324,0.031810641304137466,energy,28800
2774544477152754282,7825101020974038775,0.0735160782164197,food,28800
2774544477152754282,7825101020974038775,0.05513705864694929,water,28800
2774544477152754282,7825101020974038775,0.036758039091266514,energy,28800
1522650749917583358,6741109044234432070,0.06979939815818836,food,28800
1522650749917583358,6741109044234432070,0.052349548604247786,water,28800
1522650749917583358,6741109044234432070,0.034899699063368095,energy,28800
7441247310698739687,8040070149115327324,0.06362128263368438,food,36000
7441247310698739687,8040070149115327324,0.04771596196625172,water,36000
7441247310698739687,8040070149115327324,0.031810641306249554,energy,36000
2774544477152754282,7825101020974038775,0.07351607821182826,food,36000
2774544477152754282,7825101020974038775,0.05513705864818874,water,36000
2774544477152754282,7825101020974038775,0.036758039094139106,energy,36000
1522650749917583358,6741109044234432070,0.06979939815414937,food,36000
1522650749917583358,6741109044234432070,0.05234954860529628,water,36000
1522650749917583358,6741109044234432070,0.034899699065851664,energy,36000
8319527847318561915,4570650216307803967,0.35065617966604457,food,36000
8319527847318561915,4570650216307803967,0.2629921347494584,water,36000
8319527847318561915,4570650216307803967,0.1753280898329681,energy,36000
9209097491213160672,2303794993764930905,0.27028723867980986,food,36000
9209097491213160672,2303794993764930905,0.2027154290114792,water,36000
9209097491213160672,2303794993764930905,0.13514361934101604,energy,36000
7441247310698739687,8040070149115327324,0.06362128263170197,food,43200
7441247310698739687,8040070149115327324,0.04771596196681527,water,43200
7441247310698739687,8040070149115327324,0.031810641307667975,energy,43200
2774544477152754282,7825101020974038775,0.07351607820922679,food,43200
2774544477152754282,7825101020974038775,0.05513705864902274,water,43200
2774544477152754282,7825101020974038775,0.03675803909590969,energy,43200
1522650749917583358,6741109044234432070,0.06979939815178016,food,43200
1522650749917583358,6741109044234432070,0.05234954860610097,water,43200
1522650749917583358,6741109044234432070,0.0348996990674042,energy,43200
8319527847318561915,4570650216307803967,0.16666666666666607,food,43200
8319527847318561915,4570650216307803967,0.125,water,43200
8319527847318561915,4570650216307803967,0.08333333333333304,energy,43200
9209097491213160672,2303794993764930905,0.1351436193410409,food,43200
9209097491213160672,2303794993764930905,0.10135771450544873,water,43200
9209097491213160672,2303794993764930905,0.06757180967009768,energy,43200
7441247310698739687,8040070149115327324,0.06362128263035993,food,50400
7441247310698739687,8040070149115327324,0.04771596196719674,water,50400
7441247310698739687,8040070149115327324,0.03181064130862876,energy,50400
2774544477152754282,7825101020974038775,0.07351607820752726,food,50400
2774544477152754282,7825101020974038775,0.055137058649569415,water,50400
2774544477152754282,7825101020974038775,0.0367580390970621,energy,50400
1522650749917583358,6741109044234432070,0.0697993981503493,food,50400
1522650749917583358,6741109044234432070,0.05234954860656682,water,50400
1522650749917583358,6741109044234432070,0.03489969906842871,energy,50400
9209097491213160672,2303794993764930905,0.13514361933932673,food,50400
9209097491213160672,2303794993764930905,0.10135771450516717,water,50400
9209097491213160672,2303794993764930905,0.06757180967078247,energy,50400
7441247310698739687,8040070149115327324,0.06362128262940336,food,57600
7441247310698739687,8040070149115327324,0.04771596196746852,water,57600
7441247310698739687,8040070149115327324,0.03181064130931355,energy,57600
2774544477152754282,7825101020974038775,0.07351607820637618,food,57600
2774544477152754282,7825101020974038775,0.0551370586499389,water,57600
2774544477152754282,7825101020974038775,0.03675803909783881,energy,57600
1522650749917583358,6741109044234432070,0.06979939814922576,food,57600
1522650749917583358,6741109044234432070,0.052349548606920315,water,57600
1522650749917583358,6741109044234432070,0.03489969906916657,energy,57600
8319527847318561915,4570650216307803967,0.19819484350165695,food,57600
8319527847318561915,4570650216307803967,0.14864672524865874,water,57600
8319527847318561915,4570650216307803967,0.09909766840928924,energy,57600
9209097491213160672,2303794993764930905,0.13514361934182073,food,57600
9209097491213160672,2303794993764930905,0.10135771450492026,water,57600
9209097491213160672,2303794993764930905,0.06757180967001597,energy,57600
7441247310698739687,8040070149115327324,0.0636212826286946,food,64800
7441247310698739687,8040070149115327324,0.04771596196767014,water,64800
7441247310698739687,8040070149115327324,0.03181064130982092,energy,64800
2774544477152754282,7825101020974038775,0.07351607820557371,food,64800
2774544477152754282,7825101020974038775,0.05513705865019691,water,64800
2774544477152754282,7825101020974038775,0.03675803909839126,energy,64800
1522650749917583358,6741109044234432070,0.0697993981484415,food,64800
1522650749917583358,6741109044234432070,0.052349548607177,water,64800
1522650749917583358,6741109044234432070,0.03489969906970791,energy,64800
9209097491213160672,2303794993764930905,0.13514361933926633,food,64800
9209097491213160672,2303794993764930905,0.10135771450532971,water,64800
9209097491213160672,2303794993764930905,0.06757180967084242,energy,64800
7441247310698739687,8040070149115327324,0.06362128262815236,food,72000
7441247310698739687,8040070149115327324,0.04771596196782424,water,72000
7441247310698739687,8040070149115327324,0.03181064131020861,energy,72000
2774544477152754282,7825101020974038775,0.07351607820496575,food,72000
2774544477152754282,7825101020974038775,0.05513705865038521,water,72000
2774544477152754282,7825101020974038775,0.03675803909881559,energy,72000
1522650749917583358,6741109044234432070,0.06979939814784464,food,72000
1522650749917583358,6741109044234432070,0.052349548607363516,water,72000
1522650749917583358,6741109044234432070,0.03489969907009738,energy,72000
9209097491213160672,2303794993764930905,0.13514361934030905,food,72000
9209097491213160672,2303794993764930905,0.10135771450585374,water,72000
9209097491213160672,2303794993764930905,0.0675718096696678,energy,72000
7441247310698739687,8040070149115327324,0.06362128262772737,food,79200
7441247310698739687,8040070149115327324,0.04771596196794503,water,79200
7441247310698739687,8040070149115327324,0.03181064131051281,energy,79200
2774544477152754282,7825101020974038775,0.07351607820448303,food,79200
2774544477152754282,7825101020974038775,0.055137058650531756,water,79200
2774544477152754282,7825101020974038775,0.03675803909913755,energy,79200
1522650749917583358,6741109044234432070,0.06979939814735703,food,79200
1522650749917583358,6741109044234432070,0.052349548607539376,water,79200
1522650749917583358,6741109044234432070,0.03489969907041468,energy,79200
8319527847318561915,4570650216307803967,4.0931915634701e-08,food,79200
4570650216307803967,8319527847318561915,3.4948635807552364e-07,water,79200
4570650216307803967,8319527847318561915,1.0011631168538315e-07,energy,79200
9209097491213160672,2303794993764930905,0.13514361934010122,food,79200
9209097491213160672,2303794993764930905,0.10135771450657138,water,79200
9209097491213160672,2303794993764930905,0.06757180967063103,energy,79200
7441247310698739687,8040070149115327324,0.06362128262738764,food,86400
7441247310698739687,8040070149115327324,0.0477159619680414,water,86400
7441247310698739687,8040070149115327324,0.03181064131075617,energy,86400
2774544477152754282,7825101020974038775,0.0735160782041211,food,86400
2774544477152754282,7825101020974038775,0.05513705865066232,water,86400
2774544477152754282,7825101020974038775,0.03675803909938291,energy,86400
1522650749917583358,6741109044234432070,0.0697993981470173,food,86400
1522650749917583358,6741109044234432070,0.052349548607633745,water,86400
1522650749917583358,6741109044234432070,0.03489969907065671,energy,86400
9209097491213160672,2303794993764930905,0.1351436193403055,food,86400
9209097491213160672,2303794993764930905,0.10135771450592479,water,86400
9209097491213160672,2303794993764930905,0.06757180967027265,energy,86400
7441247310698739687,8040070149115327324,0.06362128262711053,food,93600
7441247310698739687,8040070149115327324,0.047715961968120446,water,93600
7441247310698739687,8040070149115327324,0.03181064131095446,energy,93600
2774544477152754282,7825101020974038775,0.07351607820382267,food,93600
2774544477152754282,7825101020974038775,0.055137058650752024,water,93600
2774544477152754282,7825101020974038775,0.03675803909958075,energy,93600
1522650749917583358,6741109044234432070,0.06979939814669178,food,93600
1522650749917583358,6741109044234432070,0.05234954860773433,water,93600
1522650749917583358,6741109044234432070,0.034899699070888524,energy,93600
4570650216307803967,8319527847318561915,8.486352776060357e-08,food,93600
4570650216307803967,8319527847318561915,1.8991900132547812e-06,water,93600
8319527847318561915,4570650216307803967,2.968806773750998e-07,energy,93600
9209097491213160672,2303794993764930905,0.1351436193415685,food,93600
9209097491213160672,2303794993764930905,0.10135771450397435,water,93600
9209097491213160672,2303794993764930905,0.06757180967059107,energy,93600
4977356543574211152,8319527847318561915,2.6546424981219143,food,100800
2400540602423127297,2774544477152754282,2.575802372234083,food,100800
4977356543574211152,2830637187822835271,1.9111185286634491,food,100800
4977356543574211152,5981904917151416139,1.9110293337819915,food,100800
2400540602423127297,7441247310698739687,1.668688718693776,food,100800
2400540602423127297,6943086220968602647,1.4542172603849837,food,100800
4977356543574211152,629917933550980167,1.3785972757786853,food,100800
2400540602423127297,8739484808616608895,1.3200928440669815,food,100800
4977356543574211152,4570650216307803967,1.2236072063164567,food,100800
4977356543574211152,1984206695053779961,0.675385443123182,food,100800
2400540602423127297,1951745806883064675,0.589202422989695,food,100800
1522650749917583358,1984206695053779961,0.09357809851771792,food,100800
1522650749917583358,7825101020974038775,0.07351607819567052,food,100800
1522650749917583358,6741109044234432070,0.06979939813772829,food,100800
1522650749917583358,1616870942054897183,0.06787941804500619,food,100800
1522650749917583358,8040070149115327324,0.06362128261712452,food,100800
1522650749917583358,1951745806883064675,0.00653795938579016,food,100800
4977356543574211152,8319527847318561915,1.9909802504860883,water,100800
2400540602423127297,2774544477152754282,1.9318517791160197,water,100800
4977356543574211152,2830637187822835271,1.4333388964975082,water,100800
4977356543574211152,5981904917151416139,1.433272000336487,water,100800
2400540602423127297,7441247310698739687,1.251516538948549,water,100800
2400540602423127297,6943086220968602647,1.090662945261712,water,100800
4977356543574211152,629917933550980167,1.0339479568053052,water,100800
2400540602423127297,8739484808616608895,0.9900696330204473,water,100800
4977356543574211152,4570650216307803967,0.9177070278425914,water,100800
4977356543574211152,1984206695053779961,0.506539089458323,water,100800
2400540602423127297,1951745806883064675,0.44190182063531,water,100800
1522650749917583358,1984206695053779961,0.07018356674576576,water,100800
1522650749917583358,7825101020974038775,0.05513705865148166,water,100800
1522650749917583358,6741109044234432070,0.052349548608256136,water,100800
1522650749917583358,1616870942054897183,0.050909567335184036,water,100800
1522650749917583358,8040070149115327324,0.04771596197136119,water,100800
1522650749917583358,1951745806883064675,0.004903470816204791,water,100800
4977356543574211152,8319527847318561915,1.327321714449515,energy,100800
4977356543574211152,1522650749917583358,1.3202853489820985,energy,100800
4977356543574211152,2774544477152754282,1.2879011860513518,energy,100800
2400540602423127297,1951745806883064675,0.9622393151164967,energy,100800
2400540602423127297,1616870942054897183,0.9581256003399652,energy,100800
4977356543574211152,2830637187822835271,0.9555592643316588,energy,100800
2400540602423127297,5981904917151416139,0.9555146668909957,energy,100800
4977356543574211152,7441247310698739687,0.8343443592682753,energy,100800
4977356543574211152,6943086220968602647,0.727108630164929,energy,100800
2400540602423127297,629917933550980167,0.6892986378598009,energy,100800
4977356543574211152,8739484808616608895,0.6600464220031457,energy,100800
2400540602423127297,4570650216307803967,0.6118031377695958,energy,100800
4977356543574211152,1984206695053779961,0.25871790331053957,energy,100800
2400540602423127297,1984206695053779961,0.1257638674842898,energy,100800
2400540602423127297,7825101020974038775,0.03675803910684183,energy,100800
2400540602423127297,6741109044234432070,0.03489969907914947,energy,100800
2400540602423127297,8040070149115327324,0.03181064131755518,energy,100800
9209097491213160672,2303794993764930905,0.27028723868138194,food,108000
9209097491213160672,2303794993764930905,0.20271542901067718,water,108000
9209097491213160672,2303794993764930905,0.13514361934061814,energy,108000
1951745806883064675,4570650216307803967,0.16666666666666607,food,108000
1616870942054897183,2830637187822835271,0.16666666666666607,food,108000
1522650749917583358,5981904917151416139,0.1666666666666643,food,108000
2400540602423127297,8319527847318561915,0.16666666666666252,food,108000
4977356543574211152,6943086220968602647,0.13220156912277847,food,108000
2774544477152754282,629917933550980167,0.12532702506694715,food,108000
4977356543574211152,8739484808616608895,0.11607449518130775,food,108000
1951745806883064675,7441247310698739687,0.08160940137837791,food,108000
1616870942054897183,7825101020974038775,0.0735160781955253,food,108000
1522650749917583358,1984206695053779961,0.06990577650621432,food,108000
2400540602423127297,6741109044234432070,0.06979939813805469,food,108000
2774544477152754282,8040070149115327324,0.04820032373420435,food,108000
2400540602423127297,8040070149115327324,0.011810000600305237,food,108000
1522650749917583358,7441247310698739687,0.011703624022601389,food,108000
1616870942054897183,8739484808616608895,0.00393394518419754,food,108000
1616870942054897183,8040070149115327324,0.003610958283582155,food,108000
1616870942054897183,7441247310698739687,0.0005484193583833452,food,108000
1951745806883064675,5981904917151416139,0.125,water,108000
1616870942054897183,4570650216307803967,0.125,water,108000
1522650749917583358,8319527847318561915,0.125,water,108000
2400540602423127297,2830637187822835271,0.125,water,108000
4977356543574211152,6943086220968602647,0.09915117684257169,water,108000
2774544477152754282,629917933550980167,0.09399526880125286,water,108000
4977356543574211152,8739484808616608895,0.08705587109926682,water,108000
1951745806883064675,7441247310698739687,0.06120705292975437,water,108000
1616870942054897183,7825101020974038775,0.05513705865221241,water,108000
1522650749917583358,1984206695053779961,0.05242933238324565,water,108000
2400540602423127297,6741109044234432070,0.05234954860847085,water,108000
2774544477152754282,8040070149115327324,0.03615023770951353,water,108000
2400540602423127297,8040070149115327324,0.008857500801274343,water,108000
1522650749917583358,7441247310698739687,0.008777719413775698,water,108000
1616870942054897183,8739484808616608895,0.0029504591760680654,water,108000
1616870942054897183,8040070149115327324,0.0027082234604047795,water,108000
1616870942054897183,7441247310698739687,0.0004113112273691488,water,108000
1522650749917583358,4977356543574211152,0.2563796046778286,energy,108000
1522650749917583358,1951745806883064675,0.08333333333333393,energy,108000
1522650749917583358,1616870942054897183,0.08333333333333393,energy,108000
1522650749917583358,2774544477152754282,0.08333333333333393,energy,108000
1522650749917583358,5981904917151416139,0.08333333333333304,energy,108000
2400540602423127297,4570650216307803967,0.08333333333333304,energy,108000
1522650749917583358,8319527847318561915,0.08333333333333304,energy,108000
2400540602423127297,2830637187822835271,0.08333333333333304,energy,108000
1522650749917583358,6943086220968602647,0.06610078456302304,energy,108000
2400540602423127297,629917933550980167,0.06266351253585212,energy,108000
1522650749917583358,8739484808616608895,0.060004220185645885,energy,108000
2400540602423127297,7441247310698739687,0.046930722383304646,energy,108000
1522650749917583358,7825101020974038775,0.03675803910657627,energy,108000
2400540602423127297,1984206695053779961,0.03495288825972298,energy,108000
1522650749917583358,6741109044234432070,0.03489969907895252,energy,108000
2400540602423127297,8040070149115327324,0.019310302377711253,energy,108000
1522650749917583358,8040070149115327324,0.012500338939331779,energy,108000
9209097491213160672,2303794993764930905,0.13514361933961716,food,115200
9209097491213160672,2303794993764930905,0.10135771450621345,water,115200
9209097491213160672,2303794993764930905,0.06757180967097653,energy,115200
2774544477152754282,2830637187822835271,0.1666666666666412,food,115200
1951745806883064675,4570650216307803967,0.166666666666627,food,115200
1616870942054897183,8319527847318561915,0.16666666666659502,food,115200
1522650749917583358,5981904917151416139,0.16666666666657903,food,115200
2400540602423127297,6943086220968602647,0.13220156912636494,food,115200
4977356543574211152,629917933550980167,0.12532702507134896,food,115200
4977356543574211152,8739484808616608895,0.11049091963468616,food,115200
2400540602423127297,7441247310698739687,0.09386144476552039,food,115200
2774544477152754282,7825101020974038775,0.06915128196658848,food,115200
1951745806883064675,1984206695053779961,0.06915128116112434,food,115200
1616870942054897183,6741109044234432070,0.06915128091819689,food,115200
1522650749917583358,8040070149115327324,0.06362128262694777,food,115200
2400540602423127297,8739484808616608895,0.009517520735617069,food,115200
1522650749917583358,7825101020974038775,0.004364796237326551,food,115200
1522650749917583358,1984206695053779961,0.0007544953523481723,food,115200
1522650749917583358,6741109044234432070,0.0004107062356235591,food,115200
2400540602423127297,6741109044234432070,0.00023741099285801148,food,115200
2774544477152754282,2830637187822835271,0.12499999999999645,water,115200
1951745806883064675,4570650216307803967,0.12499999999999467,water,115200
1616870942054897183,8319527847318561915,0.12499999999998934,water,115200
1522650749917583358,5981904917151416139,0.12499999999998757,water,115200
2400540602423127297,6943086220968602647,0.09915117684214003,water,115200
4977356543574211152,629917933550980167,0.09399526880055831,water,115200
4977356543574211152,8739484808616608895,0.0828681884362723,water,115200
2400540602423127297,7441247310698739687,0.070396083570059,water,115200
2774544477152754282,7825101020974038775,0.051863462473106026,water,115200
1951745806883064675,1984206695053779961,0.051863461399152655,water,115200
1616870942054897183,6741109044234432070,0.05186346107520379,water,115200
1522650749917583358,8040070149115327324,0.04771596196819683,water,115200
2400540602423127297,8739484808616608895,0.007138141838421319,water,115200
1522650749917583358,7825101020974038775,0.00327359617780143,water,115200
1522650749917583358,1984206695053779961,0.0005658709830962394,water,115200
1522650749917583358,6741109044234432070,0.0003080313248124966,water,115200
2400540602423127297,6741109044234432070,0.0001780562079560788,water,115200
1616870942054897183,4977356543574211152,1.2495662282029478,energy,115200
1951745806883064675,4977356543574211152,0.7461018347452324,energy,115200
1522650749917583358,2400540602423127297,0.6906888750526239,energy,115200
2774544477152754282,8319527847318561915,0.08333333333333215,energy,115200
1951745806883064675,2830637187822835271,0.08333333333333126,energy,115200
2774544477152754282,4570650216307803967,0.08333333333333037,energy,115200
1522650749917583358,5981904917151416139,0.08333333333332948,energy,115200
1951745806883064675,6943086220968602647,0.06610078455981094,energy,115200
2774544477152754282,629917933550980167,0.06266351253205649,energy,115200
1951745806883064675,8739484808616608895,0.0600042201814075,energy,115200
1522650749917583358,7441247310698739687,0.046930722377865886,energy,115200
2774544477152754282,7825101020974038775,0.036758039099357154,energy,115200
1522650749917583358,1984206695053779961,0.034952888253329206,energy,115200
1951745806883064675,6741109044234432070,0.03420928682947322,energy,115200
2774544477152754282,8040070149115327324,0.021917753455565014,energy,115200
1522650749917583358,8040070149115327324,0.009892887855474708,energy,115200
1522650749917583358,6741109044234432070,0.0006904122412159097,energy,115200
2774544477152754282,7825101020974038775,0.0735160782037041,food,122400
2774544477152754282,7825101020974038775,0.05513705865091656,water,122400
2774544477152754282,7825101020974038775,0.036758039099509254,energy,122400
9209097491213160672,2303794993764930905,0.13514361934108088,food,122400
9209097491213160672,2303794993764930905,0.10135771450507303,water,122400
9209097491213160672,2303794993764930905,0.06757180967001508,energy,122400
7441247310698739687,8040070149115327324,0.1272425652534277,food,129600
7441247310698739687,8040070149115327324,0.09543192393641409,water,129600
7441247310698739687,8040070149115327324,0.06362128262253541,energy,129600
2774544477152754282,7825101020974038775,0.07351607820357131,food,129600
2774544477152754282,7825101020974038775,0.055137058650966964,water,129600
2774544477152754282,7825101020974038775,0.0367580390996467,energy,129600
1522650749917583358,6741109044234432070,0.13959879629249405,food,129600
1522650749917583358,6741109044234432070,0.10469909721607262,water,129600
1522650749917583358,6741109044234432070,0.06979939814201941,energy,129600
9209097491213160672,2303794993764930905,0.1351436193392468,food,129600
9209097491213160672,2303794993764930905,0.10135771450605358,water,129600
9209097491213160672,2303794993764930905,0.06757180967065146,energy,129600
7441247310698739687,8040070149115327324,0.06362128262658118,food,136800
7441247310698739687,8040070149115327324,0.047715961968245235,water,136800
7441247310698739687,8040070149115327324,0.0318106413113588,energy,136800
2774544477152754282,7825101020974038775,0.0735160782034181,food,136800
2774544477152754282,7825101020974038775,0.05513705865098384,water,136800
2774544477152754282,7825101020974038775,0.03675803909975639,energy,136800
1522650749917583358,6741109044234432070,0.06979939814615266,food,136800
1522650749917583358,6741109044234432070,0.052349548608076724,water,136800
1522650749917583358,6741109044234432070,0.03489969907111656,energy,136800
9209097491213160672,2303794993764930905,0.13514361934032593,food,136800
9209097491213160672,2303794993764930905,0.10135771450498865,water,136800
9209097491213160672,2303794993764930905,0.0675718096697624,energy,136800
7441247310698739687,8040070149115327324,0.06362128262646549,food,144000
7441247310698739687,8040070149115327324,0.047715961968279874,water,144000
7441247310698739687,8040070149115327324,0.03181064131143996,energy,144000
2774544477152754282,7825101020974038775,0.07351607820327954,food,144000
2774544477152754282,7825101020974038775,0.05513705865102625,water,144000
2774544477152754282,7825101020974038775,0.036758039099856754,energy,144000
1522650749917583358,6741109044234432070,0.06979939814601765,food,144000
1522650749917583358,6741109044234432070,0.05234954860809382,water,144000
1522650749917583358,6741109044234432070,0.03489969907120438,energy,144000
9209097491213160672,2303794993764930905,0.13514361934208718,food,144000
9209097491213160672,2303794993764930905,0.10135771450537767,water,144000
9209097491213160672,2303794993764930905,0.06757180967028065,energy,144000
7441247310698739687,8040070149115327324,0.06362128262636246,food,151200
7441247310698739687,8040070149115327324,0.04771596196831096,water,151200
7441247310698739687,8040070149115327324,0.0318106413115119,energy,151200
2774544477152754282,7825101020974038775,0.07351607820315653,food,151200
2774544477152754282,7825101020974038775,0.055137058651057114,water,151200
2774544477152754282,7825101020974038775,0.03675803909994457,energy,151200
1522650749917583358,6741109044234432070,0.06979939814590286,food,151200
1522650749917583358,6741109044234432070,0.0523495486081178,water,151200
1522650749917583358,6741109044234432070,0.03489969907127599,energy,151200
9209097491213160672,2303794993764930905,0.13514361933960384,food,151200
9209097491213160672,2303794993764930905,0.10135771450464315,water,151200
9209097491213160672,2303794993764930905,0.06757180967020071,energy,151200
7441247310698739687,8040070149115327324,0.06362128262627065,food,158400
7441247310698739687,8040070149115327324,0.047715961968338494,water,158400
7441247310698739687,8040070149115327324,0.03181064131157613,energy,158400
2774544477152754282,7825101020974038775,0.07351607820305572,food,158400
2774544477152754282,7825101020974038775,0.05513705865108309,water,158400
2774544477152754282,7825101020974038775,0.036758039100019624,energy,158400
1522650749917583358,6741109044234432070,0.0697993981458278,food,158400
1522650749917583358,6741109044234432070,0.05234954860813712,water,158400
1522650749917583358,6741109044234432070,0.03489969907135171,energy,158400
9209097491213160672,2303794993764930905,0.1351436193415898,food,158400
9209097491213160672,2303794993764930905,0.10135771450617526,water,158400
9209097491213160672,2303794993764930905,0.06757180967048271,energy,158400
7441247310698739687,8040070149115327324,0.06362128262618827,food,165600
7441247310698739687,8040070149115327324,0.04771596196836314,water,165600
7441247310698739687,8040070149115327324,0.03181064131163397,energy,165600
2774544477152754282,7825101020974038775,0.07351607820296269,food,165600
2774544477152754282,7825101020974038775,0.05513705865110374,water,165600
2774544477152754282,7825101020974038775,0.03675803910008946,energy,165600
1522650749917583358,6741109044234432070,0.06979939814574299,food,165600
1522650749917583358,6741109044234432070,0.0523495486081641,water,165600
1522650749917583358,6741109044234432070,0.03489969907141022,energy,165600
9209097491213160672,2303794993764930905,0.13514361934056662,food,165600
9209097491213160672,2303794993764930905,0.10135771450509701,water,165600
9209097491213160672,2303794993764930905,0.06757180967012477,energy,165600
7441247310698739687,8040070149115327324,0.06362128262611377,food,172800
7441247310698739687,8040070149115327324,0.04771596196838557,water,172800
7441247310698739687,8040070149115327324,0.03181064131168593,energy,172800
2774544477152754282,7825101020974038775,0.0735160782028823,food,172800
2774544477152754282,7825101020974038775,0.0551370586511255,water,172800
2774544477152754282,7825101020974038775,0.03675803910015274,energy,172800
1522650749917583358,6741109044234432070,0.06979939814566705,food,172800
1522650749917583358,6741109044234432070,0.052349548608180196,water,172800
1522650749917583358,6741109044234432070,0.03489969907147006,energy,172800
9209097491213160672,2303794993764930905,0.13514361934083574,food,172800
9209097491213160672,2303794993764930905,0.10135771450559794,water,172800
9209097491213160672,2303794993764930905,0.06757180967030108,energy,172800
7441247310698739687,8040070149115327324,0.0636212826260466,food,180000
7441247310698739687,8040070149115327324,0.04771596196840577,water,180000
7441247310698739687,8040070149115327324,0.031810641311733,energy,180000
1522650749917583358,6741109044234432070,0.0697993981456071,food,180000
1522650749917583358,6741109044234432070,0.052349548608185636,water,180000
1522650749917583358,6741109044234432070,0.03489969907151602,energy,180000
9209097491213160672,2303794993764930905,0.13514361934057995,food,180000
9209097491213160672,2303794993764930905,0.1013577145052853,water,180000
9209097491213160672,2303794993764930905,0.0675718096701785,energy,180000
7441247310698739687,8040070149115327324,0.06362128262598554,food,187200
7441247310698739687,8040070149115327324,0.04771596196842398,water,187200
7441247310698739687,8040070149115327324,0.03181064131177569,energy,187200
2774544477152754282,7825101020974038775,0.14703215640552014,food,187200
2774544477152754282,7825101020974038775,0.11027411730231118,water,187200
2774544477152754282,7825101020974038775,0.07351607820049111,energy,187200
1522650749917583358,6741109044234432070,0.06979939814554792,food,187200
1522650749917583358,6741109044234432070,0.05234954860820085,water,187200
1522650749917583358,6741109044234432070,0.03489969907156426,energy,187200
9209097491213160672,2303794993764930905,0.13514361933951058,food,187200
9209097491213160672,2303794993764930905,0.10135771450591058,water,187200
9209097491213160672,2303794993764930905,0.06757180967044052,energy,187200
9209097491213160672,2303794993764930905,0.13514361934049912,food,194400
9209097491213160672,2303794993764930905,0.10135771450575604,water,194400
9209097491213160672,2303794993764930905,0.06757180967021448,energy,194400
1616870942054897183,7441247310698739687,1.513801302395274,food,194400
2400540602423127297,6943086220968602647,1.4542172603676127,food,194400
1951745806883064675,629917933550980167,1.3785972757616127,food,194400
4977356543574211152,8739484808616608895,1.3200928440501536,food,194400
2774544477152754282,2830637187822835271,0.9285412395601256,food,194400
1522650749917583358,1984206695053779961,0.7536995190927946,food,194400
5981904917151416139,4570650216307803967,0.5760169725496773,food,194400
4977356543574211152,7441247310698739687,0.15488741626052538,food,194400
1951745806883064675,7825101020974038775,0.07351607820269557,food,194400
8319527847318561915,6741109044234432070,0.06979939814545522,food,194400
2400540602423127297,8040070149115327324,0.055583961670063964,food,194400
1951745806883064675,4570650216307803967,0.04195956841525916,food,194400
8319527847318561915,1984206695053779961,0.015264022538793887,food,194400
8319527847318561915,8040070149115327324,0.008037320955854077,food,194400
4977356543574211152,4570650216307803967,0.001727763863297982,food,194400
8319527847318561915,4570650216307803967,0.0011162860655902218,food,194400
8319527847318561915,2830637187822835271,0.00048051499161694267,food,194400
1616870942054897183,7441247310698739687,1.135350978404226,water,194400
2400540602423127297,6943086220968602647,1.0906629452687442,water,194400
1951745806883064675,629917933550980167,1.0339479568121264,water,194400
4977356543574211152,8739484808616608895,0.9900696330274461,water,194400
2774544477152754282,2830637187822835271,0.6964059336700377,water,194400
1522650749917583358,1984206695053779961,0.5652746398829844,water,194400
5981904917151416139,4570650216307803967,0.4320127292746285,water,194400
4977356543574211152,7441247310698739687,0.11616556055734728,water,194400
1951745806883064675,7825101020974038775,0.055137058651167914,water,194400
8319527847318561915,6741109044234432070,0.05234954860822172,water,194400
2400540602423127297,8040070149115327324,0.041687968419561905,water,194400
1951745806883064675,4570650216307803967,0.03146967848045823,water,194400
8319527847318561915,1984206695053779961,0.011448016326051635,water,194400
8319527847318561915,8040070149115327324,0.0060279935489009895,water,194400
4977356543574211152,4570650216307803967,0.001295819621039307,water,194400
8319527847318561915,4570650216307803967,0.0008372159645719801,water,194400
8319527847318561915,2830637187822835271,0.0003603824274964751,water,194400
1616870942054897183,7441247310698739687,0.7569006552555226,energy,194400
2400540602423127297,6943086220968602647,0.7271086301750205,energy,194400
1951745806883064675,629917933550980167,0.6892986378697965,energy,194400
4977356543574211152,8739484808616608895,0.6600464220126872,energy,194400
2774544477152754282,2830637187822835271,0.4642706299719128,energy,194400
1522650749917583358,1984206695053779961,0.37684976090193434,energy,194400
5981904917151416139,4570650216307803967,0.2880084860696748,energy,194400
4977356543574211152,7441247310698739687,0.07744370403677336,energy,194400
1951745806883064675,7825101020974038775,0.03675803910029651,energy,194400
8319527847318561915,6741109044234432070,0.03489969907163937,energy,194400
2400540602423127297,8040070149115327324,0.027791973464740938,energy,194400
1951745806883064675,4570650216307803967,0.020979789695235174,energy,194400
8319527847318561915,1984206695053779961,0.007632009896874903,energy,194400
8319527847318561915,8040070149115327324,0.004018667847054791,energy,194400
4977356543574211152,4570650216307803967,0.0008638732978448749,energy,194400
8319527847318561915,4570650216307803967,0.000558146673362625,energy,194400
8319527847318561915,2830637187822835271,0.00024024762756535978,energy,194400
9209097491213160672,2303794993764930905,0.13514361934151076,food,201600
9209097491213160672,2303794993764930905,0.10135771450500641,water,201600
9209097491213160672,2303794993764930905,0.06757180967023269,energy,201600
2830637187822835271,6943086220968602647,0.07482410155216002,food,201600
4570650216307803967,629917933550980167,0.07482410154033126,food,201600
8319527847318561915,8739484808616608895,0.07482410152082508,food,201600
5981904917151416139,7441247310698739687,0.07482410151141572,food,201600
2774544477152754282,7825101020974038775,0.07351607820259032,food,201600
1951745806883064675,1984206695053779961,0.06990577651183338,food,201600
1616870942054897183,6741109044234432070,0.0697993981452606,food,201600
1522650749917583358,8040070149115327324,0.0636212826258516,food,201600
2400540602423127297,6943086220968602647,0.0573774675720804,food,201600
4977356543574211152,629917933550980167,0.05050292352880703,food,201600
4977356543574211152,8739484808616608895,0.024321177873748212,food,201600
2400540602423127297,8739484808616608895,0.017446633849194093,food,201600
1522650749917583358,7441247310698739687,0.011202818825867877,food,201600
1616870942054897183,7441247310698739687,0.005024703315948176,food,201600
1951745806883064675,8739484808616608895,0.003416527124320723,food,201600
1951745806883064675,7441247310698739687,0.0015017978300053691,food,201600
2774544477152754282,7441247310698739687,0.0013080232797736957,food,201600
2830637187822835271,6943086220968602647,0.05611807620492826,water,201600
4570650216307803967,629917933550980167,0.056118076189146215,water,201600
8319527847318561915,8739484808616608895,0.05611807616314923,water,201600
5981904917151416139,7441247310698739687,0.05611807615060194,water,201600
2774544477152754282,7825101020974038775,0.05513705865121166,water,201600
1951745806883064675,1984206695053779961,0.05242933238269831,water,201600
1616870942054897183,6741109044234432070,0.05234954860830843,water,201600
1522650749917583358,8040070149115327324,0.04771596196847572,water,201600
2400540602423127297,6943086220968602647,0.043033100637703825,water,201600
4977356543574211152,629917933550980167,0.037877192611985855,water,201600
4977356543574211152,8739484808616608895,0.01824088339347174,water,201600
2400540602423127297,8739484808616608895,0.013084975392711584,water,201600
1522650749917583358,7441247310698739687,0.008402114102532998,water,201600
1616870942054897183,7441247310698739687,0.0037685274753603837,water,201600
1951745806883064675,8739484808616608895,0.0025623953259232835,water,201600
1951745806883064675,7441247310698739687,0.0011263483816463804,water,201600
2774544477152754282,7441247310698739687,0.0009810174605967559,water,201600
2830637187822835271,6943086220968602647,0.03741205088190025,energy,201600
4570650216307803967,629917933550980167,0.03741205085823118,energy,201600
8319527847318561915,8739484808616608895,0.037412050819228604,energy,201600
5981904917151416139,7441247310698739687,0.03741205080041343,energy,201600
2774544477152754282,7825101020974038775,0.036758039100346473,energy,201600
1951745806883064675,1984206695053779961,0.03495288825450765,energy,201600
1616870942054897183,6741109044234432070,0.0348996990717122,energy,201600
1522650749917583358,8040070149115327324,0.031810641311862245,energy,201600
2400540602423127297,6943086220968602647,0.02868873367953162,energy,201600
4977356543574211152,629917933550980167,0.025251461675455555,energy,201600
4977356543574211152,8739484808616608895,0.012160588907243142,energy,201600
2400540602423127297,8739484808616608895,0.008723316940602022,energy,201600
1522650749917583358,7441247310698739687,0.005601409369156027,energy,201600
1616870942054897183,7441247310698739687,0.0025123516282953284,energy,201600
1951745806883064675,8739484808616608895,0.0017082635159675341,energy,201600
1951745806883064675,7441247310698739687,0.0007508989394337529,energy,201600
2774544477152754282,7441247310698739687,0.0006540116423730119,energy,201600
2830637187822835271,6943086220968602647,0.07482410152257124,food,208800
4570650216307803967,629917933550980167,0.0748241015156541,food,208800
8319527847318561915,8739484808616608895,0.07482410150426588,food,208800
5981904917151416139,7441247310698739687,0.07482410149876983,food,208800
2774544477152754282,7825101020974038775,0.07351607820260297,food,208800
1951745806883064675,1984206695053779961,0.06990577651178165,food,208800
1616870942054897183,6741109044234432070,0.06979939814535918,food,208800
1522650749917583358,8040070149115327324,0.06362128262581024,food,208800
2400540602423127297,6943086220968602647,0.057377467601596344,food,208800
4977356543574211152,629917933550980167,0.050502923553413126,food,208800
4977356543574211152,8739484808616608895,0.024321177881763134,food,208800
2400540602423127297,8739484808616608895,0.01744663384451517,food,208800
1522650749917583358,7441247310698739687,0.011202818838084383,food,208800
1616870942054897183,7441247310698739687,0.005024703324086555,food,208800
1951745806883064675,8739484808616608895,0.0034165271374861916,food,208800
1951745806883064675,7441247310698739687,0.001501797823069806,food,208800
2774544477152754282,7441247310698739687,0.001308023278971393,food,208800
2830637187822835271,6943086220968602647,0.05611807616553044,water,208800
4570650216307803967,629917933550980167,0.056118076156312924,water,208800
8319527847318561915,8739484808616608895,0.056118076141119744,water,208800
5981904917151416139,7441247310698739687,0.05611807613379405,water,208800
2774544477152754282,7825101020974038775,0.055137058651230975,water,208800
1951745806883064675,1984206695053779961,0.05242933238271036,water,208800
1616870942054897183,6741109044234432070,0.052349548608327245,water,208800
1522650749917583358,8040070149115327324,0.04771596196849248,water,208800
2400540602423127297,6943086220968602647,0.04303310067711408,water,208800
4977356543574211152,629917933550980167,0.037877192644835134,water,208800
4977356543574211152,8739484808616608895,0.018240883404168073,water,208800
2400540602423127297,8739484808616608895,0.013084975386469466,water,208800
1522650749917583358,7441247310698739687,0.008402114118801873,water,208800
1616870942054897183,7441247310698739687,0.0037685274863620832,water,208800
1951745806883064675,8739484808616608895,0.0025623953435158775,water,208800
1951745806883064675,7441247310698739687,0.0011263483723195633,water,208800
2774544477152754282,7441247310698739687,0.0009810174594939713,water,208800
2830637187822835271,6943086220968602647,0.037412050822753784,energy,208800
4570650216307803967,629917933550980167,0.037412050808925734,energy,208800
8319527847318561915,8739484808616608895,0.03741205078613952,energy,208800
5981904917151416139,7441247310698739687,0.037412050775150085,energy,208800
2774544477152754282,7825101020974038775,0.036758039100328266,energy,208800
1951745806883064675,1984206695053779961,0.03495288825455445,energy,208800
1616870942054897183,6741109044234432070,0.03489969907164758,energy,208800
1522650749917583358,8040070149115327324,0.0318106413118827,energy,208800
2400540602423127297,6943086220968602647,0.0286887337387407,energy,208800
4977356543574211152,629917933550980167,0.025251461724816515,energy,208800
4977356543574211152,8739484808616608895,0.012160588923145532,energy,208800
2400540602423127297,8739484808616608895,0.008723316931090075,energy,208800
1522650749917583358,7441247310698739687,0.005601409393518733,energy,208800
1616870942054897183,7441247310698739687,0.0025123516448471994,energy,208800
1951745806883064675,8739484808616608895,0.0017082635427159154,energy,208800
1951745806883064675,7441247310698739687,0.000750898925005572,energy,208800
2774544477152754282,7441247310698739687,0.0006540116411243302,energy,208800
2774544477152754282,7825101020974038775,0.07351607820255768,food,216000
2774544477152754282,7825101020974038775,0.05513705865120733,water,216000
2774544477152754282,7825101020974038775,0.03675803910040032,energy,216000
1522650749917583358,6741109044234432070,0.06979939814529812,food,216000
1522650749917583358,6741109044234432070,0.052349548608267654,water,216000
1522650749917583358,6741109044234432070,0.03489969907175508,energy,216000
2774544477152754282,7825101020974038775,0.07351607820251604,food,223200
2774544477152754282,7825101020974038775,0.055137058651215654,water,223200
2774544477152754282,7825101020974038775,0.03675803910042802,energy,223200
1522650749917583358,6741109044234432070,0.06979939814526318,food,223200
1522650749917583358,6741109044234432070,0.05234954860827212,water,223200
1522650749917583358,6741109044234432070,0.03489969907177763,energy,223200
9209097491213160672,2303794993764930905,0.4054308580221191,food,223200
9209097491213160672,8040070149115327324,0.06362128262469025,food,223200
9209097491213160672,2303794993764930905,0.3040731435160833,water,223200
9209097491213160672,8040070149115327324,0.04771596196872994,water,223200
9209097491213160672,2303794993764930905,0.20271542901039918,energy,223200
9209097491213160672,8040070149115327324,0.0318106413124406,energy,223200
2774544477152754282,7825101020974038775,0.0735160782024794,food,230400
2774544477152754282,7825101020974038775,0.0551370586512252,water,230400
2774544477152754282,7825101020974038775,0.036758039100454776,energy,230400
1522650749917583358,6741109044234432070,0.06979939814523303,food,230400
1522650749917583358,6741109044234432070,0.0523495486082787,water,230400
1522650749917583358,6741109044234432070,0.03489969907180031,energy,230400
9209097491213160672,2303794993764930905,0.13514361934066255,food,230400
9209097491213160672,2303794993764930905,0.10135771450546116,water,230400
9209097491213160672,2303794993764930905,0.06757180967032106,energy,230400
2774544477152754282,7825101020974038775,0.07351607820244399,food,237600
2774544477152754282,7825101020974038775,0.055137058651234416,water,237600
2774544477152754282,7825101020974038775,0.03675803910048053,energy,237600
1522650749917583358,6741109044234432070,0.06979939814520306,food,237600
1522650749917583358,6741109044234432070,0.052349548608286695,water,237600
1522650749917583358,6741109044234432070,0.034899699071823095,energy,237600
8319527847318561915,4570650216307803967,0.3577589165488355,food,237600
8319527847318561915,4570650216307803967,0.2683179256767074,water,237600
8319527847318561915,4570650216307803967,0.17887936135626248,energy,237600
9209097491213160672,2303794993764930905,0.13514361934079044,food,237600
9209097491213160672,2303794993764930905,0.1013577145051272,water,237600
9209097491213160672,2303794993764930905,0.06757180967019494,energy,237600
2774544477152754282,7825101020974038775,0.07351607820241601,food,244800
2774544477152754282,7825101020974038775,0.05513705865124152,water,244800
2774544477152754282,7825101020974038775,0.03675803910050196,energy,244800
1522650749917583358,6741109044234432070,0.06979939814458379,food,244800
1522650749917583358,6741109044234432070,0.05234954860843695,water,244800
1522650749917583358,6741109044234432070,0.0348996990722909,energy,244800
9209097491213160672,2303794993764930905,0.1351436193396225,food,244800
9209097491213160672,2303794993764930905,0.101357714505518,water,244800
9209097491213160672,2303794993764930905,0.06757180967023979,energy,244800
2774544477152754282,7825101020974038775,0.0735160782023877,food,252000
2774544477152754282,7825101020974038775,0.05513705865124863,water,252000
2774544477152754282,7825101020974038775,0.036758039100523054,energy,252000
1522650749917583358,6741109044234432070,4.3021142204224816e-16,food,252000
9209097491213160672,2303794993764930905,0.13514361934084818,food,252000
9209097491213160672,2303794993764930905,0.1013577145053679,water,252000
9209097491213160672,2303794993764930905,0.06757180967013099,energy,252000
2774544477152754282,7825101020974038775,0.0735160782023615,food,259200
2774544477152754282,7825101020974038775,0.05513705865125529,water,259200
2774544477152754282,7825101020974038775,0.03675803910054226,energy,259200
1522650749917583358,6741109044234432070,5.273559366969494e-16,food,259200
1522650749917583358,6741109044234432070,2.636779683484747e-16,energy,259200
9209097491213160672,2303794993764930905,0.13514361934086683,food,259200
9209097491213160672,2303794993764930905,0.10135771450524711,water,259200
9209097491213160672,2303794993764930905,0.06757180967023979,energy,259200
2774544477152754282,7825101020974038775,0.07351607820233674,food,266400
2774544477152754282,7825101020974038775,0.05513705865126173,water,266400
2774544477152754282,7825101020974038775,0.03675803910055955,energy,266400
9209097491213160672,2303794993764930905,0.1351436193406963,food,266400
9209097491213160672,2303794993764930905,0.10135771450531461,water,266400
9209097491213160672,2303794993764930905,0.06757180967026288,energy,266400
2774544477152754282,7825101020974038775,0.07351607820231543,food,273600
2774544477152754282,7825101020974038775,0.05513705865126728,water,273600
2774544477152754282,7825101020974038775,0.036758039100576845,energy,273600
8319527847318561915,4570650216307803967,4.183713642191833e-07,food,273600
8319527847318561915,4570650216307803967,1.4274129860325502e-06,water,273600
8319527847318561915,4570650216307803967,1.2256712444980167e-07,energy,273600
9209097491213160672,2303794993764930905,0.1351436193405675,food,273600
9209097491213160672,2303794993764930905,0.10135771450535991,water,273600
9209097491213160672,2303794993764930905,0.0675718096702762,energy,273600
2774544477152754282,7825101020974038775,0.07351607820229403,food,280800
2774544477152754282,7825101020974038775,0.05513705865127261,water,280800
2774544477152754282,7825101020974038775,0.036758039100592624,energy,280800
1522650749917583358,6741109044234432070,1.3877787807814457e-16,energy,280800
9209097491213160672,2303794993764930905,0.13514361934063945,food,280800
9209097491213160672,2303794993764930905,0.1013577145053226,water,280800
9209097491213160672,2303794993764930905,0.06757180967023135,energy,280800
9209097491213160672,2303794993764930905,0.13514361934088903,food,288000
9209097491213160672,2303794993764930905,0.10135771450524445,water,288000
9209097491213160672,2303794993764930905,0.06757180967030862,energy,288000
9209097491213160672,2303794993764930905,0.1351436193407647,food,295200
9209097491213160672,2303794993764930905,0.10135771450530484,water,295200
9209097491213160672,2303794993764930905,0.06757180967020293,energy,295200
4570650216307803967,7441247310698739687,0.6296975564603935,food,295200
2830637187822835271,8739484808616608895,0.3493424769658846,food,295200
5981904917151416139,7441247310698739687,0.3176555950395539,food,295200
1616870942054897183,629917933550980167,0.3084367668874144,food,295200
1951745806883064675,8739484808616608895,0.2268072898688338,food,295200
2400540602423127297,7441247310698739687,0.17898418564721297,food,295200
4977356543574211152,2774544477152754282,0.17290615346800386,food,295200
4977356543574211152,7825101020974038775,0.12653973605464763,food,295200
2400540602423127297,1522650749917583358,0.08694586546811855,food,295200
1951745806883064675,8319527847318561915,0.07992976953684483,food,295200
2400540602423127297,629917933550980167,0.03464137450589977,food,295200
6943086220968602647,7825101020974038775,0.020492420349049523,food,295200
2400540602423127297,8319527847318561915,0.004502195411775212,food,295200
6943086220968602647,8319527847318561915,0.001389148418384778,food,295200
4570650216307803967,7441247310698739687,0.4722730192855229,water,295200
2830637187822835271,8739484808616608895,0.26200685776049504,water,295200
5981904917151416139,7441247310698739687,0.2382416963315901,water,295200
1616870942054897183,629917933550980167,0.23132757523701564,water,295200
1951745806883064675,8739484808616608895,0.17010546762023893,water,295200
2400540602423127297,7441247310698739687,0.13423828723410547,water,295200
4977356543574211152,2774544477152754282,0.12967961503220948,water,295200
4977356543574211152,7825101020974038775,0.09490480220406994,water,295200
2400540602423127297,1522650749917583358,0.06520939902329381,water,295200
1951745806883064675,8319527847318561915,0.05994732700354177,water,295200
2400540602423127297,629917933550980167,0.02598103102737559,water,295200
6943086220968602647,7825101020974038775,0.01536931509870279,water,295200
2400540602423127297,8319527847318561915,0.003376498576977971,water,295200
6943086220968602647,8319527847318561915,0.0010418612960061413,water,295200
4570650216307803967,7441247310698739687,0.3148485947667856,energy,295200
2830637187822835271,8739484808616608895,0.17467123854440603,energy,295200
5981904917151416139,7441247310698739687,0.15882779762199117,energy,295200
1616870942054897183,629917933550980167,0.15421838359613282,energy,295200
1951745806883064675,8739484808616608895,0.11340364541830228,energy,295200
2400540602423127297,7441247310698739687,0.08949227617406907,energy,295200
4977356543574211152,2774544477152754282,0.08645307659594792,energy,295200
4977356543574211152,7825101020974038775,0.0632698683764712,energy,295200
2400540602423127297,1522650749917583358,0.043472932568788814,energy,295200
1951745806883064675,8319527847318561915,0.039964884432013736,energy,295200
2400540602423127297,629917933550980167,0.01732068755266103,energy,295200
6943086220968602647,7825101020974038775,0.010246209825377384,energy,295200
2400540602423127297,8319527847318561915,0.002250914413356675,energy,295200
6943086220968602647,8319527847318561915,0.0006945742086132967,energy,295200
9209097491213160672,2303794993764930905,0.1351436193398765,food,302400
9209097491213160672,2303794993764930905,0.10135771450563169,water,302400
9209097491213160672,2303794993764930905,0.06757180967032106,energy,302400
8739484808616608895,7441247310698739687,0.025839110354772377,food,302400
629917933550980167,7441247310698739687,0.02317981796734836,food,302400
6943086220968602647,7441247310698739687,0.019742545899350095,food,302400
2830637187822835271,7441247310698739687,0.002509997059491731,food,302400
4570650216307803967,7441247310698739687,0.00250999705859023,food,302400
8319527847318561915,7441247310698739687,0.0025099970571043073,food,302400
5981904917151416139,7441247310698739687,0.0025099970563884355,food,302400
2774544477152754282,7441247310698739687,0.0025099970541937466,food,302400
1951745806883064675,7441247310698739687,0.0025099970529449678,food,302400
1616870942054897183,7441247310698739687,0.00250999705256838,food,302400
1522650749917583358,7441247310698739687,0.002509997051845403,food,302400
2400540602423127297,7441247310698739687,0.0025099970495290336,food,302400
4977356543574211152,7441247310698739687,0.0025099970481039513,food,302400
7825101020974038775,8040070149115327324,6.38378239159465e-16,food,302400
8739484808616608895,7441247310698739687,0.01937933270061487,water,302400
629917933550980167,7441247310698739687,0.017384863430886188,water,302400
6943086220968602647,7441247310698739687,0.01480690940286955,water,302400
2830637187822835271,7441247310698739687,0.0018824978108780144,water,302400
4570650216307803967,7441247310698739687,0.0018824978096754208,water,302400
8319527847318561915,7441247310698739687,0.0018824978076965593,water,302400
5981904917151416139,7441247310698739687,0.0018824978067417675,water,302400
2774544477152754282,7441247310698739687,0.0018824978038143314,water,302400
1951745806883064675,7441247310698739687,0.001882497802149885,water,302400
1616870942054897183,7441247310698739687,0.001882497801647176,water,302400
1522650749917583358,7441247310698739687,0.0018824978006826143,water,302400
2400540602423127297,7441247310698739687,0.0018824977975935298,water,302400
4977356543574211152,7441247310698739687,0.00188249779569305,water,302400
8739484808616608895,7441247310698739687,0.012919555041116082,energy,302400
629917933550980167,7441247310698739687,0.011589908896567414,energy,302400
6943086220968602647,7441247310698739687,0.009871272914281581,energy,302400
2830637187822835271,7441247310698739687,0.0012549985636596261,energy,302400
4570650216307803967,7441247310698739687,0.0012549985618575121,energy,302400
8319527847318561915,7441247310698739687,0.0012549985588887758,energy,302400
5981904917151416139,7441247310698739687,0.001254998557456144,energy,302400
2774544477152754282,7441247310698739687,0.001254998553065434,energy,302400
1951745806883064675,7441247310698739687,0.0012549985505687644,energy,302400
1616870942054897183,7441247310698739687,0.001254998549814701,energy,302400
1522650749917583358,7441247310698739687,0.0012549985483687465,energy,302400
2400540602423127297,7441247310698739687,0.0012549985437342315,energy,302400
4977356543574211152,7441247310698739687,0.0012549985408816244,energy,302400
7825101020974038775,8040070149115327324,1.8041124150158794e-16,energy,302400
7825101020974038775,8040070149115327324,4.163336342344337e-16,food,309600
7825101020974038775,8040070149115327324,3.191891195797325e-16,water,309600
7825101020974038775,8040070149115327324,2.0122792321330962e-16,energy,309600
9209097491213160672,2303794993764930905,0.2702872386813109,food,316800
9209097491213160672,2303794993764930905,0.2027154290109925,water,316800
9209097491213160672,2303794993764930905,0.13514361934067143,energy,316800
9209097491213160672,2303794993764930905,0.13514361933980723,food,324000
9209097491213160672,2303794993764930905,0.10135771450558906,water,324000
9209097491213160672,2303794993764930905,0.06757180967035614,energy,324000
9209097491213160672,2303794993764930905,0.13514361934037478,food,331200
9209097491213160672,2303794993764930905,0.10135771450556508,water,331200
9209097491213160672,2303794993764930905,0.06757180967042187,energy,331200
9209097491213160672,2303794993764930905,0.13514361934006303,food,338400
9209097491213160672,2303794993764930905,0.10135771450557485,water,338400
9209097491213160672,2303794993764930905,0.06757180967030374,energy,338400
9209097491213160672,2303794993764930905,0.1351436193405915,food,345600
9209097491213160672,2303794993764930905,0.10135771450539988,water,345600
9209097491213160672,2303794993764930905,0.06757180967030818,energy,345600
9209097491213160672,2303794993764930905,0.13514361934053198,food,352800
9209097491213160672,2303794993764930905,0.10135771450545228,water,352800
9209097491213160672,2303794993764930905,0.06757180967028908,energy,352800
9209097491213160672,2303794993764930905,0.13514361934069008,food,360000
9209097491213160672,2303794993764930905,0.10135771450538966,water,360000
9209097491213160672,2303794993764930905,0.06757180967019227,energy,360000
8319527847318561915,4570650216307803967,0.3577590030214246,food,367200
8319527847318561915,4570650216307803967,0.26831931079846383,water,367200
8319527847318561915,4570650216307803967,0.17887950640854822,energy,367200
9209097491213160672,2303794993764930905,0.13514361934044583,food,367200
9209097491213160672,2303794993764930905,0.10135771450550024,water,367200
9209097491213160672,2303794993764930905,0.06757180967032639,energy,367200
8319527847318561915,4570650216307803967,2.3460538045583235e-07,food,374400
4570650216307803967,8319527847318561915,4.788773599884166e-08,water,374400
8319527847318561915,4570650216307803967,3.763080869134683e-08,energy,374400
9209097491213160672,2303794993764930905,0.13514361934055952,food,374400
9209097491213160672,2303794993764930905,0.10135771450539321,water,374400
9209097491213160672,2303794993764930905,0.06757180967029619,energy,374400
9209097491213160672,2303794993764930905,0.13514361934062347,food,381600
9209097491213160672,2303794993764930905,0.10135771450539188,water,381600
9209097491213160672,2303794993764930905,0.06757180967024912,energy,381600
9209097491213160672,2303794993764930905,0.13514361934028596,food,388800
9209097491213160672,2303794993764930905,0.10135771450549402,water,388800
9209097491213160672,2303794993764930905,0.0675718096702953,energy,388800
9209097491213160672,2303794993764930905,0.1351436193406217,food,396000
9209097491213160672,2303794993764930905,0.10135771450557396,water,396000
9209097491213160672,2303794993764930905,0.06757180967030862,energy,396000
9209097491213160672,2303794993764930905,0.13514361934065722,food,403200
9209097491213160672,2303794993764930905,0.10135771450533948,water,403200
9209097491213160672,2303794993764930905,0.06757180967025977,energy,403200
4570650216307803967,8319527847318561915,1.7351014713895552e-07,food,410400
4570650216307803967,8319527847318561915,1.1214254991287476e-07,water,410400
4570650216307803967,8319527847318561915,5.3396855825837974e-09,energy,410400
9209097491213160672,2303794993764930905,0.1351436193406066,food,410400
9209097491213160672,2303794993764930905,0.10135771450543318,water,410400
9209097491213160672,2303794993764930905,0.0675718096702469,energy,410400
9209097491213160672,2303794993764930905,0.13514361934057462,food,417600
9209097491213160672,2303794993764930905,0.10135771450541986,water,417600
9209097491213160672,2303794993764930905,0.06757180967028065,energy,417600
9209097491213160672,2303794993764930905,0.13514361934056573,food,424800
9209097491213160672,2303794993764930905,0.10135771450541986,water,424800
9209097491213160672,2303794993764930905,0.06757180967028065,energy,424800
9209097491213160672,2303794993764930905,0.13514361934061814,food,432000
9209097491213160672,2303794993764930905,0.10135771450540432,water,432000
8040070149115327324,7825101020974038775,9.381384558082573e-15,water,432000
9209097491213160672,2303794993764930905,0.06757180967025667,energy,432000
4570650216307803967,8319527847318561915,1.787281256326878e-08,food,439200
8319527847318561915,4570650216307803967,1.5018394439181293e-07,water,439200
4570650216307803967,8319527847318561915,1.5685663878883815e-09,energy,439200
9209097491213160672,2303794993764930905,0.13514361934059593,food,439200
9209097491213160672,2303794993764930905,0.1013577145054061,water,439200
9209097491213160672,2303794993764930905,0.0675718096702469,energy,439200
8319527847318561915,4570650216307803967,7.076412344986238e-08,food,446400
4570650216307803967,8319527847318561915,2.8289019127214488e-08,water,446400
8319527847318561915,4570650216307803967,5.958503468406207e-09,energy,446400
9209097491213160672,2303794993764930905,0.1351436193405986,food,446400
9209097491213160672,2303794993764930905,0.10135771450541586,water,446400
9209097491213160672,2303794993764930905,0.067571809670262,energy,446400
4570650216307803967,8319527847318561915,6.340125091597315e-08,food,453600
4570650216307803967,8319527847318561915,4.263449149277676e-09,water,453600
4570650216307803967,8319527847318561915,2.683411115533829e-08,energy,453600
9209097491213160672,2303794993764930905,0.1351436193405693,food,453600
9209097491213160672,2303794993764930905,0.10135771450545672,water,453600
9209097491213160672,2303794993764930905,0.06757180967026954,energy,453600
9209097491213160672,2303794993764930905,0.13514361934062613,food,460800
9209097491213160672,2303794993764930905,0.10135771450538922,water,460800
9209097491213160672,2303794993764930905,0.06757180967026244,energy,460800
8319527847318561915,4570650216307803967,2.9562023495799394e-08,food,468000
8319527847318561915,4570650216307803967,9.593448702105434e-08,water,468000
8319527847318561915,4570650216307803967,1.4760085598197747e-08,energy,468000
9209097491213160672,2303794993764930905,0.13514361934060926,food,468000
9209097491213160672,2303794993764930905,0.10135771450539632,water,468000
7825101020974038775,8040070149115327324,7.424616477180734e-15,water,468000
9209097491213160672,2303794993764930905,0.06757180967025134,energy,468000
9209097491213160672,1522650749917583358,15.448233625420674,food,475200
9209097491213160672,2303794993764930905,0.13514361934064478,food,475200
9209097491213160672,1522650749917583358,11.586175219053843,water,475200
9209097491213160672,2303794993764930905,0.10135771450540298,water,475200
9209097491213160672,1522650749917583358,7.724116812791612,energy,475200
9209097491213160672,2303794993764930905,0.06757180967024046,energy,475200
9209097491213160672,1522650749917583358,0.3333333333333357,food,489600
9209097491213160672,2303794993764930905,0.2702872386812638,food,489600
9209097491213160672,1522650749917583358,0.25,water,489600
9209097491213160672,2303794993764930905,0.20271542901080064,water,489600
9209097491213160672,1522650749917583358,0.16666666666666785,energy,489600
9209097491213160672,2303794993764930905,0.13514361934048136,energy,489600
2774544477152754282,8319527847318561915,0.6047310450342638,food,489600
7825101020974038775,4977356543574211152,0.14703215639983785,food,489600
4570650216307803967,1951745806883064675,0.11078711461993995,food,489600
2774544477152754282,1616870942054897183,0.03840869112065892,food,489600
2774544477152754282,5981904917151416139,0.03687712337921756,food,489600
8040070149115327324,2400540602423127297,0.03280501105681388,food,489600
8040070149115327324,1951745806883064675,0.026280095054680874,food,489600
2774544477152754282,4977356543574211152,0.02201789105536317,food,489600
2774544477152754282,2830637187822835271,0.007101768292822996,food,489600
8040070149115327324,2830637187822835271,0.004536176507741352,food,489600
2774544477152754282,8319527847318561915,0.4535483430398184,water,489600
7825101020974038775,4977356543574211152,0.11027411730432642,water,489600
4570650216307803967,1951745806883064675,0.08309037671742026,water,489600
2774544477152754282,1616870942054897183,0.028806513730645023,water,489600
2774544477152754282,5981904917151416139,0.02765784796052495,water,489600
8040070149115327324,2400540602423127297,0.02460374569928625,water,489600
8040070149115327324,1951745806883064675,0.019710026918289714,water,489600
2774544477152754282,4977356543574211152,0.016513401951810544,water,489600
2774544477152754282,2830637187822835271,0.00532628281845611,water,489600
8040070149115327324,2830637187822835271,0.003402189352897156,water,489600
2774544477152754282,8319527847318561915,0.30236553073479333,energy,489600
7825101020974038775,4977356543574211152,0.07351607820410717,energy,489600
4570650216307803967,1951745806883064675,0.05539351792980729,energy,489600
2774544477152754282,1616870942054897183,0.01920433370463881,energy,489600
2774544477152754282,5981904917151416139,0.01843857564067486,energy,489600
8040070149115327324,2400540602423127297,0.016402473143809715,energy,489600
8040070149115327324,1951745806883064675,0.01314007759645519,energy,489600
2774544477152754282,4977356543574211152,0.011008903516826749,energy,489600
2774544477152754282,2830637187822835271,0.0035509167190505703,energy,489600
8040070149115327324,2830637187822835271,0.0022680905761327183,energy,489600
6741109044234432070,1522650749917583358,3.552713678800501e-14,food,504000
1522650749917583358,6741109044234432070,2.232936058277346e-14,water,504000
1522650749917583358,6741109044234432070,6.592643098102258e-14,energy,504000
1522650749917583358,6741109044234432070,3.837208328860697e-14,water,511200
1522650749917583358,6741109044234432070,1.2670420268534599e-14,energy,511200
6741109044234432070,1522650749917583358,3.907985046680551e-14,food,518400
1522650749917583358,6741109044234432070,4.801020692113411e-14,water,518400
1522650749917583358,6741109044234432070,1.3274104038174528e-14,water,525600
6741109044234432070,1522650749917583358,1.7763568394002505e-15,energy,525600
1522650749917583358,6741109044234432070,6.919465000976288e-14,food,532800
1522650749917583358,6741109044234432070,1.2580214647783805e-14,energy,532800
1522650749917583358,6741109044234432070,4.933553565678039e-15,water,540000
1522650749917583358,6741109044234432070,1.466882171285988e-14,energy,540000
8319527847318561915,4570650216307803967,0.35775906345374736,food,540000
8319527847318561915,4570650216307803967,0.2683192947053843,water,540000
8319527847318561915,4570650216307803967,0.17887952672452395,energy,540000
6741109044234432070,1522650749917583358,5.684341886080802e-14,water,547200
1522650749917583358,6741109044234432070,2.441102875394563e-14,energy,547200
2303794993764930905,9209097491213160672,2.2622452745374524,food,547200
8040070149115327324,7825101020974038775,1.249000902703301e-16,food,547200
2303794993764930905,9209097491213160672,1.6966839559049731,water,547200
2303794993764930905,9209097491213160672,1.1311226372706464,energy,547200
6741109044234432070,1522650749917583358,3.552713678800501e-15,food,554400
1522650749917583358,6741109044234432070,6.537131946871e-14,water,554400
1522650749917583358,6741109044234432070,3.1787072973799013e-14,energy,554400
6741109044234432070,1522650749917583358,1.9539925233402755e-14,water,561600
1522650749917583358,6741109044234432070,2.225303274983048e-14,energy,561600
9209097491213160672,1951745806883064675,11.398162538484051,food,576000
1522650749917583358,2400540602423127297,4.34008481947709,food,576000
1522650749917583358,1951745806883064675,1.1843917955963903,food,576000
9209097491213160672,1951745806883064675,8.564947761195707,water,576000
1522650749917583358,2400540602423127297,3.278980276670719,water,576000
1522650749917583358,1951745806883064675,0.8604706224821062,water,576000
9209097491213160672,1951745806883064675,5.686717157559391,energy,576000
1522650749917583358,2400540602423127297,2.170970232471616,energy,576000
1522650749917583358,1951745806883064675,0.5945731044061331,energy,576000
1522650749917583358,1951745806883064675,0.10968377622253556,food,583200
2400540602423127297,1951745806883064675,0.0014977617897020679,food,583200
1522650749917583358,1951745806883064675,0.07541240764061818,water,583200
2400540602423127297,1951745806883064675,0.02890591255618702,water,583200
1951745806883064675,1522650749917583358,0.10959011334456736,energy,583200
2400540602423127297,1522650749917583358,0.08789729496988752,energy,583200
1522650749917583358,5981904917151416139,5.047143778414481,food,590400
1522650749917583358,5981904917151416139,3.7908680220930187,water,590400
1522650749917583358,5981904917151416139,2.6481249302896503,energy,590400
5981904917151416139,1522650749917583358,0.08333368656415097,food,597600
5981904917151416139,1522650749917583358,0.06250078614138843,water,597600
5981904917151416139,1522650749917583358,0.04166661850885944,energy,597600
5981904917151416139,1522650749917583358,0.08333368471265423,food,604800
5981904917151416139,1522650749917583358,0.06250078255537606,water,604800
5981904917151416139,1522650749917583358,0.04166662357936346,energy,604800
5981904917151416139,1522650749917583358,0.08333368256477947,food,612000
5981904917151416139,1522650749917583358,0.06250077843552848,water,612000
5981904917151416139,1522650749917583358,0.04166662787918529,energy,612000
5981904917151416139,1522650749917583358,0.08333368024040588,food,619200
5981904917151416139,1522650749917583358,0.06250077387604769,water,619200
5981904917151416139,1522650749917583358,0.04166663156635009,energy,619200
5981904917151416139,1522650749917583358,0.08333367770925015,food,626400
5981904917151416139,1522650749917583358,0.06250076891849599,water,626400
5981904917151416139,1522650749917583358,0.04166663475190635,energy,626400
5981904917151416139,1522650749917583358,0.08333367510908118,food,633600
5981904917151416139,1522650749917583358,0.06250076358376111,water,633600
5981904917151416139,1522650749917583358,0.041666637522849825,energy,633600
5981904917151416139,1522650749917583358,0.08333367231117261,food,640800
5981904917151416139,1522650749917583358,0.06250075806958222,water,640800
5981904917151416139,1522650749917583358,0.04166663996259956,energy,640800
5981904917151416139,1522650749917583358,0.08333366947016874,food,648000
5981904917151416139,1522650749917583358,0.06250075222148332,water,648000
5981904917151416139,1522650749917583358,0.041666642082853755,energy,648000
4977356543574211152,9209097491213160672,5.511024713308004,food,655200
4977356543574211152,9209097491213160672,2.304524547013692,water,655200
4977356543574211152,9209097491213160672,1.5247251699770494,energy,655200
1951745806883064675,9209097491213160672,8.711953172535086,food,662400
1522650749917583358,1616870942054897183,2.4850480397833046,food,662400
2400540602423127297,1616870942054897183,0.7101108950615451,food,662400
1951745806883064675,1616870942054897183,0.4995844963889997,food,662400
1951745806883064675,9209097491213160672,7.284439790033369,water,662400
1522650749917583358,1616870942054897183,2.235658843180614,water,662400
2400540602423127297,9209097491213160672,0.7269541721090658,water,662400
2400540602423127297,1616870942054897183,0.1689543986324633,water,662400
1951745806883064675,9209097491213160672,4.7003881368647935,energy,662400
1522650749917583358,1616870942054897183,1.5773465285064994,energy,662400
2400540602423127297,9209097491213160672,0.5407808922877262,energy,662400
1522650749917583358,9209097491213160672,0.06012890867582499,energy,662400
1951745806883064675,9209097491213160672,3.552713678800501e-15,food,669600
2400540602423127297,1522650749917583358,8.881784197001252e-16,food,669600
2400540602423127297,1522650749917583358,1.8626611364425116e-10,energy,669600
9209097491213160672,1616870942054897183,1.8626344910899206e-10,energy,669600
2400540602423127297,1951745806883064675,0.0005153032252591672,food,676800
2400540602423127297,1616870942054897183,0.0003565700026220142,food,676800
2400540602423127297,1522650749917583358,5.2136485461318216e-05,food,676800
2400540602423127297,1951745806883064675,0.0006870712386417566,water,676800
2400540602423127297,1616870942054897183,0.00047542632091879256,water,676800
2400540602423127297,1522650749917583358,6.951496470808394e-05,water,676800
2400540602423127297,1951745806883064675,0.001030606450511229,energy,676800
2400540602423127297,1616870942054897183,0.000713140470906648,energy,676800
2400540602423127297,1522650749917583358,0.00010427250526801046,energy,676800
5981904917151416139,1522650749917583358,2.2042441423789274,food,727200
5981904917151416139,1522650749917583358,1.8391174924107658,water,727200
5981904917151416139,1522650749917583358,1.299291259255856,energy,727200
5981904917151416139,1522650749917583358,0.0831918375331071,food,734400
5981904917151416139,1522650749917583358,0.06250052271634843,water,734400
5981904917151416139,1522650749917583358,0.04166828228387276,energy,734400
5981904917151416139,1522650749917583358,0.08333361078497603,food,741600
5981904917151416139,1522650749917583358,0.06250051427523062,water,741600
5981904917151416139,1522650749917583358,0.041668260696833936,energy,741600
5981904917151416139,1522650749917583358,0.08333361513139859,food,748800
5981904917151416139,1522650749917583358,0.0625005057730097,water,748800
5981904917151416139,1522650749917583358,0.04166823890817506,energy,748800
1522650749917583358,9209097491213160672,0.9066761687381941,food,756000
1522650749917583358,2400540602423127297,0.6703735595686311,food,756000
1522650749917583358,1951745806883064675,0.5508836364195133,food,756000
1522650749917583358,9209097491213160672,0.7257762141381399,water,756000
1522650749917583358,2400540602423127297,0.5495376838501658,water,756000
1522650749917583358,1951745806883064675,0.45992024148831945,water,756000
9209097491213160672,1951745806883064675,4.225513566902702,energy,756000
9209097491213160672,1522650749917583358,2.4127279443363463,energy,756000
9209097491213160672,2400540602423127297,0.012034935351048937,energy,756000
2400540602423127297,1951745806883064675,3.290234640391266,food,770400
2400540602423127297,1522650749917583358,1.6340018730762944,food,770400
2400540602423127297,1951745806883064675,2.4711718083402774,water,770400
2400540602423127297,1522650749917583358,1.2231375128521207,water,770400
1522650749917583358,2400540602423127297,0.3018678550478926,energy,770400
1522650749917583358,1951745806883064675,0.12620588327536097,energy,770400
5981904917151416139,1522650749917583358,0.7939901936166658,food,792000
5981904917151416139,1522650749917583358,0.6661299969400125,water,792000
1522650749917583358,5981904917151416139,0.7185577390143818,energy,792000
5981904917151416139,1522650749917583358,0.16666729190379126,food,806400
5981904917151416139,1522650749917583358,0.12500095093948005,water,806400
5981904917151416139,1522650749917583358,0.08333331731013072,energy,806400
5981904917151416139,1522650749917583358,0.08333364768153118,food,813600
5981904917151416139,1522650749917583358,0.0625005024942214,water,813600
5981904917151416139,1522650749917583358,0.04138374715591642,energy,813600
5981904917151416139,1522650749917583358,0.08333364848245628,food,820800
5981904917151416139,1522650749917583358,0.06250051900100523,water,820800
5981904917151416139,1522650749917583358,0.0416685070113576,energy,820800
5981904917151416139,1522650749917583358,0.08333364899876283,food,828000
5981904917151416139,1522650749917583358,0.06250053438109321,water,828000
5981904917151416139,1522650749917583358,0.04166848842799453,energy,828000
5981904917151416139,1522650749917583358,0.08333364928340403,food,835200
5981904917151416139,1522650749917583358,0.06231134058502352,water,835200
5981904917151416139,1522650749917583358,0.04166846957024717,energy,835200
5981904917151416139,1522650749917583358,0.08333364930032516,food,842400
5981904917151416139,1522650749917583358,0.062490353186874265,water,842400
5981904917151416139,1522650749917583358,0.04166845046212275,energy,842400
1951745806883064675,2400540602423127297,2.7937945026718003,food,856800
1522650749917583358,2400540602423127297,2.7671253648997585,food,856800
1522650749917583358,2400540602423127297,2.1197405734262222,water,856800
1951745806883064675,2400540602423127297,2.074621885138459,water,856800
1951745806883064675,1522650749917583358,0.12548714997122312,energy,856800
2400540602423127297,1522650749917583358,0.047593426763590685,energy,856800
1951745806883064675,1522650749917583358,6.208829006482119e-10,food,864000
2400540602423127297,1951745806883064675,3.552713678800501e-15,water,864000
1951745806883064675,1522650749917583358,0.0027149858064117183,energy,864000
1951745806883064675,2400540602423127297,0.00013574372130076284,energy,864000
4977356543574211152,1951745806883064675,3.6920362577139714,food,878400
4977356543574211152,1951745806883064675,3.807010764358754,water,878400
4977356543574211152,1951745806883064675,0.7460587935693281,energy,878400
1951745806883064675,4977356543574211152,0.16666690219225444,food,892800
1951745806883064675,4977356543574211152,0.12500029438123228,water,892800
1951745806883064675,4977356543574211152,0.08333333782395513,energy,892800
1951745806883064675,4977356543574211152,0.08333319484173218,food,900000
1951745806883064675,4977356543574211152,0.062499800029010455,water,900000
1951745806883064675,4977356543574211152,0.04166663661311176,energy,900000
1951745806883064675,4977356543574211152,0.08333340807528922,food,907200
1951745806883064675,4977356543574211152,0.0625000756766525,water,907200
1951745806883064675,4977356543574211152,0.04166668516456795,energy,907200
1951745806883064675,4977356543574211152,0.24999995519671359,food,928800
1951745806883064675,4977356543574211152,0.18749995335793912,water,928800
1951745806883064675,4977356543574211152,0.12499996797138158,energy,928800
1951745806883064675,4977356543574211152,0.855163369252026,food,979200
1951745806883064675,4977356543574211152,0.6413725488517303,water,979200
1951745806883064675,4977356543574211152,0.42758159341779667,energy,979200
1951745806883064675,4977356543574211152,0.25000002955999046,food,1000800
1951745806883064675,4977356543574211152,0.18749993413383859,water,1000800
1951745806883064675,4977356543574211152,0.12500013002074928,energy,1000800
1951745806883064675,4977356543574211152,0.08333331130539667,food,1008000
1951745806883064675,4977356543574211152,0.06249997835641752,water,1008000
1951745806883064675,4977356543574211152,0.04166655229081684,energy,1008000
1951745806883064675,4977356543574211152,0.08333333911287832,food,1015200
1951745806883064675,4977356543574211152,0.06250011115594978,water,1015200
1951745806883064675,4977356543574211152,0.04166665673514114,energy,1015200
1951745806883064675,4977356543574211152,0.0833333384229118,food,1022400
1951745806883064675,4977356543574211152,0.06249992697032836,water,1022400
1951745806883064675,4977356543574211152,0.0416667509864479,energy,1022400
9209097491213160672,1951745806883064675,5.335204186332213,food,1036800
9209097491213160672,2400540602423127297,3.9305251819322193,food,1036800
9209097491213160672,2400540602423127297,3.318090168337946,water,1036800
9209097491213160672,1951745806883064675,3.2518489564527666,water,1036800
1951745806883064675,9209097491213160672,3.3723314357501675,energy,1036800
2400540602423127297,9209097491213160672,1.0578356259777593,energy,1036800
9209097491213160672,8040070149115327324,9.403589018575076e-14,food,1051200
9209097491213160672,8040070149115327324,2.2816123990132553e-13,water,1051200
9209097491213160672,2303794993764930905,2.3092638912203256e-14,energy,1051200
1951745806883064675,4977356543574211152,7.418374423753251,food,1065600
2400540602423127297,4977356543574211152,4.5105933162470695,food,1065600
2400540602423127297,4977356543574211152,4.203120076705183,water,1065600
1951745806883064675,4977356543574211152,3.1954991174444762,water,1065600
1951745806883064675,4977356543574211152,3.552713678800501e-15,energy,1065600
2400540602423127297,4977356543574211152,0.1666666666666501,food,1080000
1951745806883064675,4977356543574211152,0.13936224433232214,water,1080000
2400540602423127297,4977356543574211152,0.05611138260616633,water,1080000
1951745806883064675,4977356543574211152,5.329070518200751e-15,energy,1080000
2400540602423127297,4977356543574211152,0.3333333333333268,food,1108800
1951745806883064675,4977356543574211152,0.21377940414611274,water,1108800
2400540602423127297,4977356543574211152,0.14339268474758526,water,1108800
2400540602423127297,4977356543574211152,0.1666666666666412,food,1123200
1951745806883064675,4977356543574211152,1.155865622103331,water,1123200
1951745806883064675,2400540602423127297,0.9004807098721717,water,1123200
1951745806883064675,4977356543574211152,1.2434497875801753e-14,energy,1123200
2400540602423127297,4977356543574211152,0.38717898496190983,food,1152000
2400540602423127297,4977356543574211152,0.2903842387214368,water,1152000
4977356543574211152,1951745806883064675,2.042810365310288e-14,energy,1152000
2400540602423127297,4977356543574211152,0.08333333333332149,food,1159200
2400540602423127297,4977356543574211152,0.06249999999999645,water,1159200
4977356543574211152,1951745806883064675,3.552713678800501e-15,energy,1159200
2400540602423127297,4977356543574211152,0.1666666666666572,food,1173600
2400540602423127297,4977356543574211152,0.125,water,1173600
4977356543574211152,1951745806883064675,1.865174681370263e-14,energy,1173600
2400540602423127297,4977356543574211152,0.49999999999998934,food,1216800
2400540602423127297,4977356543574211152,0.375,water,1216800
1951745806883064675,4977356543574211152,3.197442310920451e-14,energy,1216800
9209097491213160672,7825101020974038775,4.522215935054419e-13,food,1252800
9209097491213160672,7825101020974038775,2.5462965069777965e-13,water,1252800
9209097491213160672,8040070149115327324,8.854722510776014e-14,energy,1252800
2400540602423127297,4977356543574211152,0.8057953825296593,food,1281600
2400540602423127297,4977356543574211152,0.6043465368972694,water,1281600
1951745806883064675,4977356543574211152,1.0658141036401503e-14,energy,1281600
